-- phpMyAdmin SQL Dump
-- version 5.1.1
-- https://www.phpmyadmin.net/
--
-- Servidor: 127.0.0.1:3306
-- Tiempo de generación: 19-08-2022 a las 21:05:36
-- Versión del servidor: 8.0.27
-- Versión de PHP: 7.4.26

SET SQL_MODE = "NO_AUTO_VALUE_ON_ZERO";
START TRANSACTION;
SET time_zone = "+00:00";


/*!40101 SET @OLD_CHARACTER_SET_CLIENT=@@CHARACTER_SET_CLIENT */;
/*!40101 SET @OLD_CHARACTER_SET_RESULTS=@@CHARACTER_SET_RESULTS */;
/*!40101 SET @OLD_COLLATION_CONNECTION=@@COLLATION_CONNECTION */;
/*!40101 SET NAMES utf8mb4 */;

--
-- Base de datos: `db_tiendavirtual`
--

-- --------------------------------------------------------

--
-- Estructura de tabla para la tabla `categoria`
--

DROP TABLE IF EXISTS `categoria`;
CREATE TABLE IF NOT EXISTS `categoria` (
  `idcategoria` bigint NOT NULL AUTO_INCREMENT,
  `nombre` varchar(255) CHARACTER SET utf8mb4 COLLATE utf8mb4_swedish_ci NOT NULL,
  `descripcion` text CHARACTER SET utf8mb4 COLLATE utf8mb4_swedish_ci NOT NULL,
  `portada` varchar(100) CHARACTER SET utf8mb4 COLLATE utf8mb4_swedish_ci NOT NULL,
  `datecreated` datetime NOT NULL DEFAULT CURRENT_TIMESTAMP,
  `ruta` varchar(255) CHARACTER SET utf8mb4 COLLATE utf8mb4_swedish_ci NOT NULL,
  `status` int NOT NULL DEFAULT '1',
  PRIMARY KEY (`idcategoria`)
) ENGINE=InnoDB AUTO_INCREMENT=14 DEFAULT CHARSET=utf8mb4 COLLATE=utf8mb4_swedish_ci;

--
-- Volcado de datos para la tabla `categoria`
--

INSERT INTO `categoria` (`idcategoria`, `nombre`, `descripcion`, `portada`, `datecreated`, `ruta`, `status`) VALUES
(12, 'Caballeros', 'Caballeros', 'img_f6bcdce170aafc62fea3321a082ff3e5.jpg', '2022-08-12 18:32:42', 'caballeros', 1),
(13, 'Damas', 'Prendas unicas!', 'img_2e407cf49bd92a9a08a74a56b831e2e6.jpg', '2022-08-12 18:34:27', 'damas', 1);

-- --------------------------------------------------------

--
-- Estructura de tabla para la tabla `detalle_pedido`
--

DROP TABLE IF EXISTS `detalle_pedido`;
CREATE TABLE IF NOT EXISTS `detalle_pedido` (
  `id` bigint NOT NULL AUTO_INCREMENT,
  `pedidoid` bigint NOT NULL,
  `productoid` bigint NOT NULL,
  `precio` decimal(11,2) NOT NULL,
  `cantidad` int NOT NULL,
  PRIMARY KEY (`id`),
  KEY `pedidoid` (`pedidoid`),
  KEY `productoid` (`productoid`)
) ENGINE=InnoDB AUTO_INCREMENT=46 DEFAULT CHARSET=utf8mb4 COLLATE=utf8mb4_swedish_ci;

--
-- Volcado de datos para la tabla `detalle_pedido`
--

INSERT INTO `detalle_pedido` (`id`, `pedidoid`, `productoid`, `precio`, `cantidad`) VALUES
(45, 37, 19, '100.00', 1);

-- --------------------------------------------------------

--
-- Estructura de tabla para la tabla `detalle_temp`
--

DROP TABLE IF EXISTS `detalle_temp`;
CREATE TABLE IF NOT EXISTS `detalle_temp` (
  `id` bigint NOT NULL AUTO_INCREMENT,
  `personaid` bigint NOT NULL,
  `productoid` bigint NOT NULL,
  `precio` decimal(11,2) NOT NULL,
  `cantidad` int NOT NULL,
  `transaccionid` varchar(255) CHARACTER SET utf8mb4 COLLATE utf8mb4_swedish_ci NOT NULL,
  PRIMARY KEY (`id`),
  KEY `productoid` (`productoid`),
  KEY `personaid` (`personaid`)
) ENGINE=InnoDB AUTO_INCREMENT=17 DEFAULT CHARSET=utf8mb4 COLLATE=utf8mb4_swedish_ci;

--
-- Volcado de datos para la tabla `detalle_temp`
--

INSERT INTO `detalle_temp` (`id`, `personaid`, `productoid`, `precio`, `cantidad`, `transaccionid`) VALUES
(9, 1, 17, '50.00', 1, 'p4n9c14heinankbqjqq18ngka1'),
(15, 23, 17, '50.00', 1, 'nku09glvs6v46udi5imv3h1857');

-- --------------------------------------------------------

--
-- Estructura de tabla para la tabla `imagen`
--

DROP TABLE IF EXISTS `imagen`;
CREATE TABLE IF NOT EXISTS `imagen` (
  `id` bigint NOT NULL AUTO_INCREMENT,
  `productoid` bigint NOT NULL,
  `img` varchar(100) CHARACTER SET utf8mb4 COLLATE utf8mb4_swedish_ci NOT NULL,
  PRIMARY KEY (`id`),
  KEY `productoid` (`productoid`)
) ENGINE=InnoDB AUTO_INCREMENT=40 DEFAULT CHARSET=utf8mb4 COLLATE=utf8mb4_swedish_ci;

--
-- Volcado de datos para la tabla `imagen`
--

INSERT INTO `imagen` (`id`, `productoid`, `img`) VALUES
(37, 19, 'pro_518b2bde86281136e436ae6f24dee647.jpg'),
(39, 20, 'pro_c6d9f6b143c552b30694e9dd5742040f.jpg');

-- --------------------------------------------------------

--
-- Estructura de tabla para la tabla `modulo`
--

DROP TABLE IF EXISTS `modulo`;
CREATE TABLE IF NOT EXISTS `modulo` (
  `idmodulo` bigint NOT NULL AUTO_INCREMENT,
  `titulo` varchar(50) CHARACTER SET utf8mb4 COLLATE utf8mb4_swedish_ci NOT NULL,
  `descripcion` text CHARACTER SET utf8mb4 COLLATE utf8mb4_swedish_ci NOT NULL,
  `status` int NOT NULL DEFAULT '1',
  PRIMARY KEY (`idmodulo`)
) ENGINE=InnoDB AUTO_INCREMENT=7 DEFAULT CHARSET=utf8mb4 COLLATE=utf8mb4_swedish_ci;

--
-- Volcado de datos para la tabla `modulo`
--

INSERT INTO `modulo` (`idmodulo`, `titulo`, `descripcion`, `status`) VALUES
(1, 'Dashboard', 'Dashboard', 1),
(2, 'Usuarios', 'Usuarios del sistema', 1),
(3, 'Clientes', 'Clientes de tienda', 1),
(4, 'Productos', 'Todos los productos', 1),
(5, 'Pedidos', 'Pedidos', 1),
(6, 'Caterogías', 'Caterogías Productos', 1);

-- --------------------------------------------------------

--
-- Estructura de tabla para la tabla `pedido`
--

DROP TABLE IF EXISTS `pedido`;
CREATE TABLE IF NOT EXISTS `pedido` (
  `idpedido` bigint NOT NULL AUTO_INCREMENT,
  `referenciacobro` varchar(255) CHARACTER SET utf8mb4 COLLATE utf8mb4_swedish_ci DEFAULT NULL,
  `idtransaccionpaypal` varchar(255) CHARACTER SET utf8mb4 COLLATE utf8mb4_swedish_ci DEFAULT NULL,
  `datospaypal` text CHARACTER SET utf8mb4 COLLATE utf8mb4_swedish_ci,
  `personaid` bigint NOT NULL,
  `fecha` datetime NOT NULL DEFAULT CURRENT_TIMESTAMP,
  `costo_envio` decimal(10,2) NOT NULL DEFAULT '0.00',
  `monto` decimal(11,2) NOT NULL,
  `tipopagoid` bigint NOT NULL,
  `direccion_envio` text CHARACTER SET utf8mb4 COLLATE utf8mb4_swedish_ci NOT NULL,
  `status` varchar(100) CHARACTER SET utf8mb4 COLLATE utf8mb4_swedish_ci DEFAULT NULL,
  PRIMARY KEY (`idpedido`),
  KEY `personaid` (`personaid`),
  KEY `tipopagoid` (`tipopagoid`)
) ENGINE=InnoDB AUTO_INCREMENT=38 DEFAULT CHARSET=utf8mb4 COLLATE=utf8mb4_swedish_ci;

--
-- Volcado de datos para la tabla `pedido`
--

INSERT INTO `pedido` (`idpedido`, `referenciacobro`, `idtransaccionpaypal`, `datospaypal`, `personaid`, `fecha`, `costo_envio`, `monto`, `tipopagoid`, `direccion_envio`, `status`) VALUES
(37, NULL, NULL, NULL, 23, '2022-08-18 23:18:40', '25.00', '125.00', 2, '15 calle B, zona 1, Guatemala', 'Pendiente');

-- --------------------------------------------------------

--
-- Estructura de tabla para la tabla `permisos`
--

DROP TABLE IF EXISTS `permisos`;
CREATE TABLE IF NOT EXISTS `permisos` (
  `idpermiso` bigint NOT NULL AUTO_INCREMENT,
  `rolid` bigint NOT NULL,
  `moduloid` bigint NOT NULL,
  `r` int NOT NULL DEFAULT '0',
  `w` int NOT NULL DEFAULT '0',
  `u` int NOT NULL DEFAULT '0',
  `d` int NOT NULL DEFAULT '0',
  PRIMARY KEY (`idpermiso`),
  KEY `rolid` (`rolid`),
  KEY `moduloid` (`moduloid`)
) ENGINE=InnoDB AUTO_INCREMENT=650 DEFAULT CHARSET=utf8mb4 COLLATE=utf8mb4_swedish_ci;

--
-- Volcado de datos para la tabla `permisos`
--

INSERT INTO `permisos` (`idpermiso`, `rolid`, `moduloid`, `r`, `w`, `u`, `d`) VALUES
(350, 2, 1, 1, 0, 0, 0),
(351, 2, 2, 0, 0, 0, 0),
(352, 2, 3, 0, 0, 0, 0),
(353, 2, 4, 0, 0, 0, 0),
(354, 2, 5, 0, 0, 0, 0),
(355, 2, 6, 0, 0, 0, 0),
(596, 3, 1, 1, 0, 0, 0),
(597, 3, 2, 0, 0, 0, 0),
(598, 3, 3, 0, 0, 0, 0),
(599, 3, 4, 0, 0, 0, 0),
(600, 3, 5, 0, 0, 0, 0),
(601, 3, 6, 0, 0, 0, 0),
(614, 4, 1, 1, 0, 0, 0),
(615, 4, 2, 0, 0, 0, 0),
(616, 4, 3, 0, 0, 0, 0),
(617, 4, 4, 0, 0, 0, 0),
(618, 4, 5, 0, 0, 0, 0),
(619, 4, 6, 0, 0, 0, 0),
(620, 5, 1, 1, 0, 0, 0),
(621, 5, 2, 0, 0, 0, 0),
(622, 5, 3, 0, 0, 0, 0),
(623, 5, 4, 0, 0, 0, 0),
(624, 5, 5, 0, 0, 0, 0),
(625, 5, 6, 0, 0, 0, 0),
(638, 1, 1, 1, 1, 1, 1),
(639, 1, 2, 1, 1, 1, 1),
(640, 1, 3, 1, 1, 1, 1),
(641, 1, 4, 1, 1, 1, 1),
(642, 1, 5, 1, 1, 1, 1),
(643, 1, 6, 1, 1, 1, 1),
(644, 7, 1, 1, 0, 0, 0),
(645, 7, 2, 0, 0, 0, 0),
(646, 7, 3, 0, 0, 0, 0),
(647, 7, 4, 0, 0, 0, 0),
(648, 7, 5, 1, 0, 0, 0),
(649, 7, 6, 0, 0, 0, 0);

-- --------------------------------------------------------

--
-- Estructura de tabla para la tabla `persona`
--

DROP TABLE IF EXISTS `persona`;
CREATE TABLE IF NOT EXISTS `persona` (
  `idpersona` bigint NOT NULL AUTO_INCREMENT,
  `identificacion` varchar(30) CHARACTER SET utf8mb4 COLLATE utf8mb4_swedish_ci DEFAULT NULL,
  `nombres` varchar(80) CHARACTER SET utf8mb4 COLLATE utf8mb4_swedish_ci NOT NULL,
  `apellidos` varchar(100) CHARACTER SET utf8mb4 COLLATE utf8mb4_swedish_ci NOT NULL,
  `telefono` bigint NOT NULL,
  `email_user` varchar(100) CHARACTER SET utf8mb4 COLLATE utf8mb4_swedish_ci NOT NULL,
  `password` varchar(75) CHARACTER SET utf8mb4 COLLATE utf8mb4_swedish_ci NOT NULL,
  `nit` varchar(20) CHARACTER SET utf8mb4 COLLATE utf8mb4_swedish_ci DEFAULT NULL,
  `nombrefiscal` varchar(80) CHARACTER SET utf8mb4 COLLATE utf8mb4_swedish_ci DEFAULT NULL,
  `direccionfiscal` varchar(100) CHARACTER SET utf8mb4 COLLATE utf8mb4_swedish_ci DEFAULT NULL,
  `token` varchar(100) CHARACTER SET utf8mb4 COLLATE utf8mb4_swedish_ci DEFAULT NULL,
  `rolid` bigint NOT NULL,
  `datecreated` datetime NOT NULL DEFAULT CURRENT_TIMESTAMP,
  `status` int NOT NULL DEFAULT '1',
  PRIMARY KEY (`idpersona`),
  KEY `rolid` (`rolid`)
) ENGINE=InnoDB AUTO_INCREMENT=24 DEFAULT CHARSET=utf8mb4 COLLATE=utf8mb4_swedish_ci;

--
-- Volcado de datos para la tabla `persona`
--

INSERT INTO `persona` (`idpersona`, `identificacion`, `nombres`, `apellidos`, `telefono`, `email_user`, `password`, `nit`, `nombrefiscal`, `direccionfiscal`, `token`, `rolid`, `datecreated`, `status`) VALUES
(1, '2409198920', 'Abel', 'OSH', 1234567, 'info@abelosh.com', '8d969eef6ecad3c29a3a629280e686cf0c3f5d5a86aff3ca12020c923adc6c92', '24252622', 'Abel OSH', 'Antigua Guatemala', '', 1, '2020-08-13 00:51:44', 1),
(22, '11111111', 'Paola', 'Perez', 0, 'paola@perez.com', '8d969eef6ecad3c29a3a629280e686cf0c3f5d5a86aff3ca12020c923adc6c92', NULL, NULL, NULL, NULL, 3, '2022-08-12 22:02:27', 1),
(23, '222222555', 'Debani', 'Perez', 78941324, 'debani@ejemplo.com', '8d969eef6ecad3c29a3a629280e686cf0c3f5d5a86aff3ca12020c923adc6c92', '784455g', 'Debani', '16 calle Ciudad', NULL, 7, '2022-08-13 21:56:30', 1);

-- --------------------------------------------------------

--
-- Estructura de tabla para la tabla `producto`
--

DROP TABLE IF EXISTS `producto`;
CREATE TABLE IF NOT EXISTS `producto` (
  `idproducto` bigint NOT NULL AUTO_INCREMENT,
  `categoriaid` bigint NOT NULL,
  `codigo` varchar(30) CHARACTER SET utf8mb4 COLLATE utf8mb4_swedish_ci NOT NULL,
  `nombre` varchar(255) CHARACTER SET utf8mb4 COLLATE utf8mb4_swedish_ci NOT NULL,
  `descripcion` text CHARACTER SET utf8mb4 COLLATE utf8mb4_swedish_ci NOT NULL,
  `precio` decimal(11,2) NOT NULL,
  `stock` int NOT NULL,
  `imagen` varchar(100) CHARACTER SET utf8mb4 COLLATE utf8mb4_swedish_ci NOT NULL,
  `datecreated` datetime NOT NULL DEFAULT CURRENT_TIMESTAMP,
  `ruta` varchar(255) CHARACTER SET utf8mb4 COLLATE utf8mb4_swedish_ci NOT NULL,
  `status` int NOT NULL DEFAULT '1',
  PRIMARY KEY (`idproducto`),
  KEY `categoriaid` (`categoriaid`)
) ENGINE=InnoDB AUTO_INCREMENT=21 DEFAULT CHARSET=utf8mb4 COLLATE=utf8mb4_swedish_ci;

--
-- Volcado de datos para la tabla `producto`
--

INSERT INTO `producto` (`idproducto`, `categoriaid`, `codigo`, `nombre`, `descripcion`, `precio`, `stock`, `imagen`, `datecreated`, `ruta`, `status`) VALUES
(16, 12, '45613', 'Producto 1', '<p>Decripcion</p>', '100.00', 1, '', '2022-08-12 18:47:52', 'producto-1', 1),
(17, 13, '88888', 'Producto 2', '<p>Descripcion</p>', '50.00', 1, '', '2022-08-12 18:48:10', 'producto-2', 1),
(19, 12, '202208123', 'Producto 3', '<p>Producto 3</p> <ul> <li>Estado: Excelente</li> <li>Marca: Zara</li> </ul>', '100.00', 0, '', '2022-08-18 22:27:27', 'producto-3', 1),
(20, 13, '202208456', 'Producto 4', '<p>Producto 4</p> <ul> <li>Estado: Excelente</li> <li>Marza: Polo</li> </ul>', '75.00', 1, '', '2022-08-18 22:28:15', 'producto-4', 1);

-- --------------------------------------------------------

--
-- Estructura de tabla para la tabla `rol`
--

DROP TABLE IF EXISTS `rol`;
CREATE TABLE IF NOT EXISTS `rol` (
  `idrol` bigint NOT NULL AUTO_INCREMENT,
  `nombrerol` varchar(50) CHARACTER SET utf8mb4 COLLATE utf8mb4_swedish_ci NOT NULL,
  `descripcion` text CHARACTER SET utf8mb4 COLLATE utf8mb4_swedish_ci NOT NULL,
  `status` int NOT NULL DEFAULT '1',
  PRIMARY KEY (`idrol`)
) ENGINE=InnoDB AUTO_INCREMENT=11 DEFAULT CHARSET=utf8mb4 COLLATE=utf8mb4_swedish_ci;

--
-- Volcado de datos para la tabla `rol`
--

INSERT INTO `rol` (`idrol`, `nombrerol`, `descripcion`, `status`) VALUES
(1, 'Administrador', 'Acceso a todo el sistema', 1),
(2, 'Supervisores', 'Supervisor de tienda', 1),
(3, 'Vendedores', 'Acceso a módulo ventas', 1),
(4, 'Servicio al cliente', 'Servicio al cliente sistema', 1),
(5, 'Bodega', 'Bodega', 1),
(6, 'Resporteria', 'Resporteria Sistema', 2),
(7, 'Cliente', 'Clientes tienda', 1),
(8, 'Ejemplo rol', 'Ejemplo rol sitema', 0),
(9, 'Coordinador', 'Coordinador', 0),
(10, 'Consulta Ventas', 'Consulta Ventas', 0);

-- --------------------------------------------------------

--
-- Estructura de tabla para la tabla `tipopago`
--

DROP TABLE IF EXISTS `tipopago`;
CREATE TABLE IF NOT EXISTS `tipopago` (
  `idtipopago` bigint NOT NULL AUTO_INCREMENT,
  `tipopago` varchar(100) CHARACTER SET utf8mb4 COLLATE utf8mb4_swedish_ci NOT NULL,
  `status` int NOT NULL DEFAULT '1',
  PRIMARY KEY (`idtipopago`)
) ENGINE=InnoDB AUTO_INCREMENT=6 DEFAULT CHARSET=utf8mb4 COLLATE=utf8mb4_swedish_ci;

--
-- Volcado de datos para la tabla `tipopago`
--

INSERT INTO `tipopago` (`idtipopago`, `tipopago`, `status`) VALUES
(1, 'PayPal', 1),
(2, 'Efectivo', 1),
(3, 'Tarjeta', 1),
(4, 'Cheque', 1),
(5, 'Despósito Bancario', 1);

--
-- Restricciones para tablas volcadas
--

--
-- Filtros para la tabla `detalle_pedido`
--
ALTER TABLE `detalle_pedido`
  ADD CONSTRAINT `detalle_pedido_ibfk_1` FOREIGN KEY (`pedidoid`) REFERENCES `pedido` (`idpedido`) ON DELETE CASCADE ON UPDATE CASCADE,
  ADD CONSTRAINT `detalle_pedido_ibfk_2` FOREIGN KEY (`productoid`) REFERENCES `producto` (`idproducto`) ON DELETE CASCADE ON UPDATE CASCADE;

--
-- Filtros para la tabla `detalle_temp`
--
ALTER TABLE `detalle_temp`
  ADD CONSTRAINT `detalle_temp_ibfk_1` FOREIGN KEY (`productoid`) REFERENCES `producto` (`idproducto`) ON DELETE CASCADE ON UPDATE CASCADE;

--
-- Filtros para la tabla `imagen`
--
ALTER TABLE `imagen`
  ADD CONSTRAINT `imagen_ibfk_1` FOREIGN KEY (`productoid`) REFERENCES `producto` (`idproducto`) ON DELETE CASCADE ON UPDATE CASCADE;

--
-- Filtros para la tabla `pedido`
--
ALTER TABLE `pedido`
  ADD CONSTRAINT `pedido_ibfk_1` FOREIGN KEY (`personaid`) REFERENCES `persona` (`idpersona`) ON DELETE CASCADE ON UPDATE CASCADE,
  ADD CONSTRAINT `pedido_ibfk_2` FOREIGN KEY (`tipopagoid`) REFERENCES `tipopago` (`idtipopago`) ON DELETE CASCADE ON UPDATE CASCADE;

--
-- Filtros para la tabla `permisos`
--
ALTER TABLE `permisos`
  ADD CONSTRAINT `permisos_ibfk_1` FOREIGN KEY (`rolid`) REFERENCES `rol` (`idrol`) ON DELETE CASCADE ON UPDATE CASCADE,
  ADD CONSTRAINT `permisos_ibfk_2` FOREIGN KEY (`moduloid`) REFERENCES `modulo` (`idmodulo`) ON DELETE CASCADE ON UPDATE CASCADE;

--
-- Filtros para la tabla `persona`
--
ALTER TABLE `persona`
  ADD CONSTRAINT `persona_ibfk_1` FOREIGN KEY (`rolid`) REFERENCES `rol` (`idrol`) ON DELETE CASCADE ON UPDATE CASCADE;

--
-- Filtros para la tabla `producto`
--
ALTER TABLE `producto`
  ADD CONSTRAINT `producto_ibfk_1` FOREIGN KEY (`categoriaid`) REFERENCES `categoria` (`idcategoria`) ON DELETE CASCADE ON UPDATE CASCADE;
COMMIT;

/*!40101 SET CHARACTER_SET_CLIENT=@OLD_CHARACTER_SET_CLIENT */;
/*!40101 SET CHARACTER_SET_RESULTS=@OLD_CHARACTER_SET_RESULTS */;
/*!40101 SET COLLATION_CONNECTION=@OLD_COLLATION_CONNECTION */;
